Date,Cases,Deaths,Recovered,Travel_history,Province,City,Latitude (generated),Longitude (generated),Active Cases
2020-02-26,1,0,0,China,Islamabad,Islamabad,33.7194,73.0741,1
2020-02-26,2,0,0,Iran/Taftan,Sindh,Karachi,24.8709,67.1145,2
2020-02-29,1,0,0,China,Islamabad,Islamabad,33.7194,73.0741,1
2020-02-29,1,0,0,Iran/Taftan,Sindh,Karachi,24.8709,67.1145,1
2020-03-02,1,0,0,Iran/Taftan,Gilgit-Baltistan,Gilgit,35.918473,74.3335,1
2020-03-06,0,0,1,Unknown,Sindh,Karachi,24.8709,67.1145,-1
2020-03-07,1,0,0,Iran/Taftan,Sindh,Karachi,24.8709,67.1145,1
2020-03-09,6,0,0,Syria,Sindh,Karachi,24.8709,67.1145,6
2020-03-09,3,0,0,UK,Sindh,Karachi,24.8709,67.1145,3
2020-03-10,1,0,0,Iran/Taftan,Sindh,Karachi,24.8709,67.1145,1
2020-03-10,1,0,0,Syria,Sindh,Hyderabad,25.3763,68.3432,1
2020-03-10,1,0,0,Iran/Taftan,Balochistan,Quetta,30.1802,66.9964,1
2020-03-11,1,0,0,Iran/Taftan,Gilgit-Baltistan,Skardu,35.317806,75.552296,1
2020-03-11,0,0,1,Iran/Taftan,Sindh,Karachi,24.8709,67.1145,-1
2020-03-12,1,0,0,Local - Social Contact,Gilgit-Baltistan,Gilgit,35.918473,74.3335,1
2020-03-13,1,0,0,USA,Islamabad,Islamabad,33.7194,73.0741,1
2020-03-13,1,0,1,Local - Social Contact,Sindh,Karachi,24.8709,67.1145,0
2020-03-13,7,0,0,Iran/Taftan,Balochistan,Taftan,28.959621,61.580755,7
2020-03-15,13,0,0,Iran/Taftan,Sindh,Sukkur,27.7221,68.8333,13
2020-03-15,4,0,0,Iran/Taftan,Sindh,Karachi,24.8709,67.1145,4
2020-03-15,1,0,0,UK,Punjab,Lahore,31.4978,74.3601,1
2020-03-15,15,0,0,Iran/Taftan,Khyber Pakhtunkhwa,Dera Ismail Khan,31.832,70.902,15
2020-03-15,1,1,0,Unknown,Khyber Pakhtunkhwa,Mardan,34.198,72.045,0
2020-03-16,119,0,0,Iran/Taftan,Sindh,Sukkur,27.7221,68.8333,119
2020-03-16,26,0,0,Iran/Taftan,Sindh,Karachi,24.8709,67.1145,26
2020-03-16,2,0,0,Iran/Taftan,Sindh,Hyderabad,25.3763,68.3432,2
2020-03-16,1,0,0,Unknown,Punjab,Lahore,31.4978,74.3601,1
2020-03-16,1,0,1,Unknown,Islamabad,Islamabad,33.7194,73.0741,0
2020-03-16,1,0,0,Unknown,Khyber Pakhtunkhwa,Mansehra,34.333,73.2,1
2020-03-16,1,0,0,Unknown,Khyber Pakhtunkhwa,Mardan,34.198,72.045,1
2020-03-17,15,0,0,Iran/Taftan,Punjab,Dera Ghazi Khan,30.056,70.634,15
2020-03-17,24,0,0,Iran/Taftan,Sindh,Sukkur,27.7221,68.8333,24
2020-03-17,5,0,0,KSA,Sindh,Karachi,24.8709,67.1145,5
2020-03-17,3,0,0,Unknown,Punjab,Lahore,31.4978,74.3601,3
2020-03-17,1,0,0,Unknown,Khyber Pakhtunkhwa,Peshawar,34.0114,71.5645,1
2020-03-17,1,0,0,UK,Khyber Pakhtunkhwa,Charsadda,34.145,71.731,1
2020-03-17,2,0,0,Iran/Taftan,Balochistan,Quetta,30.1802,66.9964,2
2020-03-17,1,0,0,Unknown,Islamabad,Islamabad,33.7194,73.0741,1
2020-03-18,2,0,0,Unknown,Islamabad,Islamabad,33.7194,73.0741,2
2020-03-18,5,0,0,Iran/Taftan,Punjab,Dera Ghazi Khan,30.056,70.634,5
2020-03-18,31,0,0,Iran/Taftan,Sindh,Sukkur,27.7221,68.8333,31
2020-03-18,5,0,0,Local - Social Contact,Sindh,Karachi,24.8709,67.1145,5
2020-03-18,10,0,0,Unknown,Gilgit-Baltistan,Gilgit,35.918473,74.3335,10
2020-03-18,1,0,0,Local - Social Contact,Khyber Pakhtunkhwa,Buner,34.490828,72.518118,1
2020-03-18,1,1,0,KSA,Khyber Pakhtunkhwa,Mardan,34.198,72.045,0
2020-03-18,1,1,0,Unknown,Khyber Pakhtunkhwa,Hangu,33.528,71.058,0
2020-03-18,1,0,0,Iran/Taftan,AJK,Mirpur,33.118377,73.744818,1
2020-03-19,1,0,0,Local - Social Contact,Punjab,Multan,30.1735,71.469,1
2020-03-19,8,0,0,Unknown,Punjab,Lahore,31.4978,74.3601,8
2020-03-19,44,0,0,Iran/Taftan,Punjab,Dera Ghazi Khan,30.056,70.634,44
2020-03-19,37,0,1,Local - Social Contact,Sindh,Karachi,24.8709,67.1145,36
2020-03-19,53,0,0,Iran/Taftan,Balochistan,Quetta,30.1802,66.9964,53
2020-03-19,2,0,0,Local - Social Contact,Khyber Pakhtunkhwa,Mardan,34.198,72.045,2
2020-03-19,1,0,0,Local - Covid Relative,Khyber Pakhtunkhwa,Dera Ismail Khan,31.832,70.902,1
2020-03-19,4,0,0,Unknown,Gilgit-Baltistan,Gilgit,35.918473,74.3335,4
2020-03-19,4,0,0,Unknown,Gilgit-Baltistan,Nagar,36.273351,74.726677,4
2020-03-20,5,0,0,Unknown,Balochistan,Quetta,30.1802,66.9964,5
2020-03-20,4,1,0,Local - Social Contact,Sindh,Karachi,24.8709,67.1145,3
2020-03-20,1,0,0,Unknown,Khyber Pakhtunkhwa,Mansehra,34.333,73.2,1
2020-03-20,1,0,0,Unknown,FATA,Khyber,33.979947,71.139336,1
2020-03-20,1,0,0,Local - Social Contact,Punjab,Rawalpindi,33.5546,73.1064,1
2020-03-20,1,0,0,Local - Social Contact,Punjab,Jehlum,32.940548,73.727631,1
2020-03-20,3,0,0,Local - Social Contact,Punjab,Gujrat,32.572,74.089,3
2020-03-20,2,0,0,Unknown,Punjab,Lahore,31.4978,74.3601,2
2020-03-20,7,0,0,Iran/Taftan,Punjab,Dera Ghazi Khan,30.056,70.634,7
2020-03-20,1,0,0,Local - Social Contact,Gilgit-Baltistan,Nagar,36.273351,74.726677,1
2020-03-20,8,0,0,Iran/Taftan,Gilgit-Baltistan,Gilgit,35.918473,74.3335,8
2020-03-20,16,0,0,Local - Social Contact,Sindh,Karachi,24.8709,67.1145,16
2020-03-21,3,0,0,Unknown,Islamabad,Islamabad,33.7194,73.0741,3
2020-03-21,12,0,0,Iran/Taftan,Balochistan,Quetta,30.1802,66.9964,12
2020-03-21,39,0,0,Iran/Taftan,Sindh,Sukkur,27.7221,68.8333,39
2020-03-21,0,0,3,Local - Social Contact,Sindh,Karachi,24.8709,67.1145,-3
2020-03-21,25,0,0,Iran/Taftan,Gilgit-Baltistan,Skardu,35.317806,75.552296,25
2020-03-21,6,0,0,Unknown,Punjab,Lahore,31.4978,74.3601,6
2020-03-21,38,0,0,Iran/Taftan,Punjab,Dera Ghazi Khan,30.056,70.634,38
2020-03-21,1,0,0,Local - Social Contact,Punjab,Jehlum,32.940548,73.727631,1
2020-03-21,4,0,0,Local - Social Contact,Punjab,Gujranwala,32.1547,74.1804,4
2020-03-21,1,0,0,Iran/Taftan,Khyber Pakhtunkhwa,Peshawar,34.0114,71.5645,1
2020-03-21,1,0,0,Local - Social Contact,Khyber Pakhtunkhwa,Peshawar,34.0114,71.5645,1
2020-03-21,2,0,0,Iran/Taftan,Khyber Pakhtunkhwa,Dera Ismail Khan,31.832,70.902,2
2020-03-21,1,0,0,Iran/Taftan,Khyber Pakhtunkhwa,Mardan,34.198,72.045,1
2020-03-21,1,0,0,Iran/Taftan,Khyber Pakhtunkhwa,Karak,33.110578,71.088365,1
2020-03-22,4,0,0,Local - Social Contact,Gilgit-Baltistan,Nagar,36.273351,74.726677,4
2020-03-22,18,0,0,Local - Social Contact,Sindh,Karachi,24.8709,67.1145,18
2020-03-22,23,0,0,Iran/Taftan,Sindh,Sukkur,27.7221,68.8333,23
2020-03-22,1,0,0,Unknown,Islamabad,Islamabad,33.7194,73.0741,1
2020-03-22,15,0,0,Unknown,Punjab,Lahore,31.4978,74.3601,15
2020-03-22,1,0,0,Local - Social Contact,Punjab,Jehlum,32.940548,73.727631,1
2020-03-22,1,0,0,Local - Social Contact,Punjab,Rawalpindi,33.5546,73.1064,1
2020-03-22,43,0,0,Iran/Taftan,Punjab,Dera Ghazi Khan,30.056,70.634,43
2020-03-22,4,1,0,Unknown,Balochistan,Quetta,30.1802,66.9964,3
2020-03-23,7,0,0,Local - Social Contact,Sindh,Karachi,24.8709,67.1145,7
2020-03-23,11,0,0,Iran/Taftan,Sindh,Sukkur,27.7221,68.8333,11
2020-03-23,1,0,0,Iran/Taftan,Sindh,Dadu,26.733,67.783,1
2020-03-23,5,0,0,Iran/Taftan,Balochistan,Taftan,28.959621,61.580755,5
2020-03-23,16,1,0,Iran/Taftan,Gilgit-Baltistan,Skardu,35.317806,75.552296,15
2020-03-23,25,0,0,Iran/Taftan,Punjab,Dera Ghazi Khan,30.056,70.634,25
2020-03-23,16,0,0,Local - Social Contact,Punjab,Lahore,31.4978,74.3601,16
2020-03-23,1,0,0,Unknown,Khyber Pakhtunkhwa,Mansehra,34.333,73.2,1
2020-03-24,8,0,6,Local - Social Contact,Sindh,Karachi,24.8709,67.1145,2
2020-03-24,8,0,0,Iran/Taftan,Sindh,Sukkur,27.7221,68.8333,8
2020-03-24,3,0,10,Local - Social Contact,Sindh,Karachi,24.8709,67.1145,-7
2020-03-24,5,0,0,Local - Social Contact,Gilgit-Baltistan,Gilgit,35.918473,74.3335,5
2020-03-24,37,0,0,Iran/Taftan,Khyber Pakhtunkhwa,Dera Ismail Khan,31.832,70.902,37
2020-03-24,1,0,0,Iran/Taftan,FATA,South Waziristan,32.399536,69.727014,1
2020-03-24,2,0,0,Unknown,Khyber Pakhtunkhwa,Peshawar,34.0114,71.5645,2
2020-03-24,2,0,0,Unknown,Balochistan,Quetta,30.1802,66.9964,2
2020-03-24,7,0,0,Local - Social Contact,Punjab,Lahore,31.4978,74.3601,7
2020-03-24,1,0,0,Local - Social Contact,Punjab,Multan,30.1735,71.469,1
2020-03-24,9,0,0,Local - Social Contact,Punjab,Gujrat,32.572,74.089,9
2020-03-24,3,0,0,Local - Social Contact,Punjab,Gujranwala,32.1547,74.1804,3
2020-03-24,1,0,0,Local - Social Contact,Punjab,Sargodha,32.0778,72.6722,1
2020-03-24,1,0,0,Local - Social Contact,Punjab,Faisalabad,31.4155,73.0908,1
2020-03-24,1,0,0,Local - Social Contact,Punjab,Mandi Bahauddin,32.583,73.484,1
2020-03-24,1,0,0,Local - Social Contact,Punjab,Rahim Yar Khan,28.424043,70.300054,1
2020-03-24,3,0,0,Local - Social Contact,Sindh,Karachi,24.8709,67.1145,3
2020-03-24,21,1,2,Iran/Taftan,Punjab,Dera Ghazi Khan,30.056,70.634,18
2020-03-25,5,0,0,International Passenger,Islamabad,Islamabad,33.7194,73.0741,5
2020-03-25,3,0,0,Local - Social Contact,Sindh,Karachi,24.8709,67.1145,3
2020-03-25,0,0,1,Local - Social Contact,Sindh,Hyderabad,25.3763,68.3432,-1
2020-03-25,9,0,0,Local - Social Contact,Balochistan,Quetta,30.1802,66.9964,9
2020-03-25,1,0,0,Unknown,Gilgit-Baltistan,Astore,35.347533,74.861062,1
2020-03-25,39,0,2,Unknown,Khyber Pakhtunkhwa,Mardan,34.198,72.045,37
2020-03-25,1,0,0,Iran/Taftan,Khyber Pakhtunkhwa,Dera Ismail Khan,31.832,70.902,1
2020-03-25,1,0,0,Unknown,Khyber Pakhtunkhwa,Swabi,34.12,72.472,1
2020-03-25,9,0,0,Local - Social Contact,Punjab,Gujrat,32.572,74.089,9
2020-03-25,1,0,0,Local - Social Contact,Punjab,Gujranwala,32.1547,74.1804,1
2020-03-25,2,1,0,Iran/Taftan,Punjab,Dera Ghazi Khan,30.056,70.634,1
2020-03-25,18,0,1,Unknown,Punjab,Lahore,31.4978,74.3601,17
2020-03-25,1,0,0,Local - Social Contact,Punjab,Multan,30.1735,71.469,1
2020-03-25,12,0,0,Iran/Taftan,Balochistan,Quetta,30.1802,66.9964,12
2020-03-25,7,0,0,Unknown,Gilgit-Baltistan,Kharmang,0.0,0.0,7
2020-03-25,1,0,0,Dubai,Gilgit-Baltistan,Kharmang,0.0,0.0,1
2020-03-26,2,0,0,Unknown,Khyber Pakhtunkhwa,Dir Upper,35.305038,72.096277,2
2020-03-26,1,0,0,Unknown,Khyber Pakhtunkhwa,Swat,35.429612,72.566529,1
2020-03-26,1,0,0,Unknown,AJK,Mirpur,33.118377,73.744818,1
2020-03-26,5,0,0,Unknown,Islamabad,Islamabad,33.7194,73.0741,5
2020-03-26,9,0,0,Local - Social Contact,Sindh,Karachi,24.8709,67.1145,9
2020-03-26,6,0,2,Local - Social Contact,Khyber Pakhtunkhwa,Mardan,34.198,72.045,4
2020-03-26,12,0,0,Iran/Taftan,Balochistan,Quetta,30.1802,66.9964,12
2020-03-26,7,0,2,Unknown,Gilgit-Baltistan,Skardu,35.317806,75.552296,5
2020-03-26,26,0,1,Unknown,Punjab,Lahore,31.4978,74.3601,25
2020-03-26,16,0,0,Iran/Taftan,Punjab,Multan,30.1735,71.469,16
2020-03-26,1,0,0,Local - Social Contact,Punjab,Gujrat,32.572,74.089,1
2020-03-26,16,0,0,Local - Social Contact,Punjab,Jehlum,32.940548,73.727631,16
2020-03-26,12,0,0,Local - Social Contact,Punjab,Rawalpindi,33.5546,73.1064,12
2020-03-26,2,0,0,Local - Social Contact,Punjab,Faisalabad,31.4155,73.0908,2
2020-03-26,2,0,0,Local - Social Contact,Punjab,Mandi Bahauddin,32.583,73.484,2
2020-03-26,2,0,0,Local - Social Contact,Punjab,Mianwali,32.574,71.526,2
2020-03-26,1,0,0,Local - Social Contact,Punjab,Narowal,32.1,74.883,1
2020-03-26,1,0,0,Local - Social Contact,Punjab,Nankana,31.447,73.697,1
2020-03-26,1,0,0,Local - Social Contact,Punjab,Attock,33.772,72.368,1
2020-03-26,1,0,0,Local - Social Contact,Punjab,Bahawal Nagar,30.55,73.39,1
2020-03-26,7,1,0,Iran/Taftan,Punjab,Dera Ghazi Khan,30.056,70.634,6
2020-03-27,2,0,0,Local - Social Contact,Islamabad,Islamabad,33.7194,73.0741,2
2020-03-27,11,0,1,Unknown,Gilgit-Baltistan,Shigar,0.0,0.0,10
2020-03-27,5,0,0,Unknown,Gilgit-Baltistan,Gilgit,35.918473,74.3335,5
2020-03-27,7,0,0,Iran/Taftan,Sindh,Larkana,27.55,68.216,7
2020-03-27,4,0,1,Local - Social Contact,Sindh,Karachi,24.8709,67.1145,3
2020-03-27,7,0,0,Unknown,Khyber Pakhtunkhwa,Peshawar,34.0114,71.5645,7
2020-03-27,2,0,0,Unknown,Khyber Pakhtunkhwa,Swat,35.429612,72.566529,2
2020-03-27,3,0,0,Unknown,Khyber Pakhtunkhwa,Swabi,34.12,72.472,3
2020-03-27,1,0,0,Unknown,Khyber Pakhtunkhwa,Shangla,34.852059,72.738327,1
2020-03-27,3,0,0,Unknown,Khyber Pakhtunkhwa,Nowshera,33.996,72.013,3
2020-03-27,1,0,0,Iran/Taftan,Khyber Pakhtunkhwa,Orakzai,33.715754,71.005449,1
2020-03-27,34,0,0,Unknown,Khyber Pakhtunkhwa,Mardan,34.198,72.045,34
2020-03-27,3,0,0,Unknown,Khyber Pakhtunkhwa,Malakand,34.56534,71.983561,3
2020-03-27,2,0,0,Unknown,Khyber Pakhtunkhwa,Mansehra,34.333,73.2,2
2020-03-27,3,0,0,Unknown,Khyber Pakhtunkhwa,Kohat,33.586,71.442,3
2020-03-27,2,0,0,Local - Social Contact,Punjab,Lahore,31.4978,74.3601,2
2020-03-27,2,0,0,Local - Social Contact,Punjab,Faisalabad,31.4155,73.0908,2
2020-03-27,30,2,1,Iran/Taftan,Punjab,Multan,30.1735,71.469,27
2020-03-27,0,0,2,Unknown,Balochistan,Quetta,30.1802,66.9964,-2
2020-03-28,1,0,0,Local - Social Contact,Punjab,Khushab,32.296,72.352,1
2020-03-28,1,1,0,Unknown,Khyber Pakhtunkhwa,Dera Ismail Khan,31.832,70.902,0
2020-03-28,1,0,0,Unknown,Khyber Pakhtunkhwa,Charsadda,34.145,71.731,1
2020-03-28,4,0,0,Unknown,Khyber Pakhtunkhwa,Buner,34.490828,72.518118,4
2020-03-28,1,0,0,Local - Social Contact,Punjab,Nankana,31.447,73.697,1
2020-03-28,1,0,0,Local - Social Contact,Punjab,Mandi Bahauddin,32.583,73.484,1
2020-03-28,2,0,0,Local - Social Contact,Punjab,Sargodha,32.0778,72.6722,2
2020-03-28,1,0,0,Local - Social Contact,Punjab,Vehari,30.033,72.35,1
2020-03-28,26,0,0,Iran/Taftan,Punjab,Multan,30.1735,71.469,26
2020-03-28,14,0,0,Local - Social Contact,Punjab,Lahore,31.4978,74.3601,14
2020-03-28,4,0,0,Local - Social Contact,Punjab,Faisalabad,31.4155,73.0908,4
2020-03-28,10,0,0,Local - Social Contact,Punjab,Gujranwala,32.1547,74.1804,10
2020-03-28,5,0,0,Local - Social Contact,Punjab,Rawalpindi,33.5546,73.1064,5
2020-03-28,2,0,0,Local - Social Contact,Punjab,Jehlum,32.940548,73.727631,2
2020-03-28,29,0,0,Local - Social Contact,Punjab,Gujrat,32.572,74.089,29
2020-03-28,5,0,0,Local - Social Contact,Punjab,Dera Ghazi Khan,30.056,70.634,5
2020-03-28,21,0,0,Iran/Taftan,Punjab,Raiwind,31.254,74.217,21
2020-03-28,12,0,0,International Passenger,Islamabad,Islamabad,33.7194,73.0741,12
2020-03-28,25,1,0,Local - Social Contact,Sindh,Karachi,24.8709,67.1145,24
2020-03-28,4,0,0,Local - Social Contact,Sindh,Hyderabad,25.3763,68.3432,4
2020-03-28,5,0,0,Local - Social Contact,Balochistan,Quetta,30.1802,66.9964,5
2020-03-28,8,0,1,Local - Social Contact,Gilgit-Baltistan,Nagar,36.273351,74.726677,7
2020-03-28,1,0,0,Unknown,Khyber Pakhtunkhwa,Dir Lower,34.868024,71.84701,1
2020-03-28,1,0,0,Unknown,Khyber Pakhtunkhwa,Abbottabad,34.15,73.2138,1
2020-03-29,4,0,1,Local - Social Contact,Islamabad,Islamabad,33.7194,73.0741,3
2020-03-29,0,0,3,Local - Social Contact,Punjab,Lahore,31.4978,74.3601,-3
2020-03-29,1,0,0,Local - Social Contact,Punjab,Vehari,30.033,72.35,1
2020-03-29,1,0,0,Local - Social Contact,Punjab,Bahawalpur,29.3962,71.6869,1
2020-03-29,3,0,0,Local - Social Contact,Punjab,Gujrat,32.572,74.089,3
2020-03-29,7,0,0,Local - Social Contact,Punjab,Jehlum,32.940548,73.727631,7
2020-03-29,1,0,0,Local - Social Contact,Punjab,Gujranwala,32.1547,74.1804,1
2020-03-29,11,0,0,Local - Social Contact,Punjab,Rawalpindi,33.5546,73.1064,11
2020-03-29,5,0,0,Iran/Taftan,Punjab,Raiwind,31.254,74.217,5
2020-03-29,1,1,0,Local - Social Contact,Punjab,Rahim Yar Khan,28.424043,70.300054,0
2020-03-29,4,0,0,Unknown,AJK,Muzaffarabad,34.37,73.471,4
2020-03-29,33,2,3,Local - Social Contact,Sindh,Karachi,24.8709,67.1145,28
2020-03-29,0,1,0,Local - Social Contact,Gilgit-Baltistan,Nagar,36.273351,74.726677,-1
2020-03-29,5,0,0,Unknown,Gilgit-Baltistan,Shigar,0.0,0.0,5
2020-03-29,2,0,0,Iran/Taftan,Gilgit-Baltistan,Kharmang,0.0,0.0,2
2020-03-29,3,0,0,Local - Social Contact,Gilgit-Baltistan,Astore,35.347533,74.861062,3
2020-03-29,2,0,0,Unknown,Gilgit-Baltistan,Ghanche,35.160867,76.341063,2
2020-03-29,1,1,0,Unknown,Khyber Pakhtunkhwa,Abbottabad,34.15,73.2138,0
2020-03-29,2,0,0,Local - Social Contact,Khyber Pakhtunkhwa,Peshawar,34.0114,71.5645,2
2020-03-29,1,1,0,Unknown,Khyber Pakhtunkhwa,Dir Lower,34.868024,71.84701,0
2020-03-30,8,0,1,Local - Social Contact,Islamabad,Islamabad,33.7194,73.0741,7
2020-03-30,11,0,1,Local - Social Contact,Punjab,Nankana,31.447,73.697,10
2020-03-30,14,0,0,Unknown,Punjab,Lahore,31.4978,74.3601,14
2020-03-30,8,0,0,Local - Social Contact,Punjab,Gujrat,32.572,74.089,8
2020-03-30,26,0,1,Iran/Taftan,Punjab,Raiwind,31.254,74.217,25
2020-03-30,21,4,2,Local - Social Contact,Sindh,Karachi,24.8709,67.1145,15
2020-03-30,6,0,23,Local - Social Contact,Sindh,Sukkur,27.7221,68.8333,-17
2020-03-30,6,0,0,Local - Social Contact,Balochistan,Quetta,30.1802,66.9964,6
2020-03-30,18,0,4,Unknown,Gilgit-Baltistan,Nagar,36.273351,74.726677,14
2020-03-30,1,0,0,Local - Social Contact,FATA,Bajaur,34.782749,71.532708,1
2020-03-30,3,0,0,Iran/Taftan,Khyber Pakhtunkhwa,Peshawar,34.0114,71.5645,3
2020-03-30,1,0,0,Unknown,Khyber Pakhtunkhwa,Bannu,32.989,70.606,1
2020-03-30,1,0,0,Local - Social Contact,Khyber Pakhtunkhwa,Dera Ismail Khan,31.832,70.902,1
2020-03-30,3,0,0,Local - Social Contact,Khyber Pakhtunkhwa,Dir Lower,34.868024,71.84701,3
2020-03-30,1,0,0,Local - Social Contact,Khyber Pakhtunkhwa,Mansehra,34.333,73.2,1
2020-03-30,1,0,0,Local - Social Contact,Khyber Pakhtunkhwa,Mardan,34.198,72.045,1
2020-03-30,16,0,0,Local - Social Contact,Khyber Pakhtunkhwa,Peshawar,34.0114,71.5645,16
2020-03-31,7,0,0,Unknown,Islamabad,Islamabad,33.7194,73.0741,7
2020-03-31,0,3,0,Iran/Taftan,Punjab,Dera Ghazi Khan,30.056,70.634,-3
2020-03-31,14,0,0,Local - Social Contact,Punjab,Rawalpindi,33.5546,73.1064,14
2020-03-31,1,0,0,Local - Social Contact,Punjab,Mianwali,32.574,71.526,1
2020-03-31,1,0,0,Local - Social Contact,Punjab,Rahim Yar Khan,28.424043,70.300054,1
2020-03-31,5,0,0,Local - Social Contact,Punjab,Hafizabad,32.067,73.685,5
2020-03-31,1,0,0,Local - Social Contact,Punjab,Kasur,31.115,74.446,1
2020-03-31,1,0,0,Local - Social Contact,Punjab,Laiya,30.961,70.939,1
2020-03-31,16,0,0,Local - Social Contact,Sindh,Hyderabad,25.3763,68.3432,16
2020-03-31,0,0,10,Iran/Taftan,Sindh,Sukkur,27.7221,68.8333,-10
2020-03-31,94,0,0,Tableeghi Jamaat,Sindh,Hyderabad,25.3763,68.3432,94
2020-03-31,1,0,0,Local - Social Contact,Sindh,Jacobabad,28.286,68.433,1
2020-03-31,14,0,17,Iran/Taftan,Balochistan,Quetta,30.1802,66.9964,-3
2020-03-31,37,0,0,Unknown,Gilgit-Baltistan,Nagar,36.273351,74.726677,37
2020-03-31,0,0,0,Unknown,Khyber Pakhtunkhwa,Peshawar,34.0114,71.5645,0
2020-03-31,1,0,0,Local - Social Contact,FATA,Bajaur,34.782749,71.532708,1
2020-03-31,3,0,0,Unknown,Khyber Pakhtunkhwa,Dera Ismail Khan,31.832,70.902,3
2020-03-31,1,0,0,Local - Social Contact,Khyber Pakhtunkhwa,Haripur,33.999,72.934,1
2020-03-31,10,0,0,Local - Social Contact,Khyber Pakhtunkhwa,Kohat,33.586,71.442,10
2020-03-31,1,0,5,Local - Social Contact,Khyber Pakhtunkhwa,Mardan,34.198,72.045,-4
2020-03-31,1,0,0,Iran/Taftan,FATA,Kurrum,33.706747,70.389776,1
2020-03-31,4,1,10,Iran/Taftan,Khyber Pakhtunkhwa,Dera Ismail Khan,31.832,70.902,-7
2020-03-31,10,0,0,Unknown,Khyber Pakhtunkhwa,Peshawar,34.0114,71.5645,10
2020-04-01,13,0,0,International Passenger,Islamabad,Islamabad,33.7194,73.0741,13
2020-04-01,2,0,0,Unknown,AJK,Bhambore,0.0,0.0,2
2020-04-01,1,0,0,Unknown,AJK,Trarkhel,0.0,0.0,1
2020-04-01,1,1,0,Local - Social Contact,Khyber Pakhtunkhwa,Bannu,32.989,70.606,0
2020-04-01,1,1,0,Local - Social Contact,Khyber Pakhtunkhwa,Peshawar,34.0114,71.5645,0
2020-04-01,0,0,2,Local - Social Contact,Khyber Pakhtunkhwa,Nowshera,33.996,72.013,-2
2020-04-01,3,0,0,Local - Social Contact,Khyber Pakhtunkhwa,Abbottabad,34.15,73.2138,3
2020-04-01,1,0,0,Local - Social Contact,Khyber Pakhtunkhwa,Dir Upper,35.305038,72.096277,1
2020-04-01,2,0,0,Local - Social Contact,Khyber Pakhtunkhwa,Haripur,33.999,72.934,2
2020-04-01,1,0,0,Local - Social Contact,FATA,Khyber,33.979947,71.139336,1
2020-04-01,1,0,0,Local - Social Contact,Khyber Pakhtunkhwa,Kohat,33.586,71.442,1
2020-04-01,2,0,0,Local - Social Contact,FATA,Kurrum,33.706747,70.389776,2
2020-04-01,2,0,0,Local - Social Contact,Khyber Pakhtunkhwa,Mansehra,34.333,73.2,2
2020-04-01,7,0,10,Local - Social Contact,Khyber Pakhtunkhwa,Mardan,34.198,72.045,-3
2020-04-01,1,0,0,Local - Social Contact,Khyber Pakhtunkhwa,Orakzai,33.715754,71.005449,1
2020-04-01,1,0,0,Local - Social Contact,Khyber Pakhtunkhwa,Tank,32.221,70.379,1
2020-04-01,1,0,0,Local - Social Contact,FATA,South Waziristan,32.399536,69.727014,1
2020-04-01,33,1,3,Local - Social Contact,Sindh,Karachi,24.8709,67.1145,29
2020-04-01,2,0,0,Local - Social Contact,Punjab,Lodhran,29.54,71.633,2
2020-04-01,48,0,0,Local - Social Contact,Punjab,Lahore,31.4978,74.3601,48
2020-04-01,7,1,0,Local - Social Contact,Punjab,Rawalpindi,33.5546,73.1064,6
2020-04-01,6,0,0,Local - Social Contact,Balochistan,Quetta,30.1802,66.9964,6
2020-04-01,28,0,0,Local - Social Contact,Punjab,Gujrat,32.572,74.089,28
2020-04-01,2,0,0,Local - Social Contact,Punjab,Gujranwala,32.1547,74.1804,2
2020-04-01,1,0,0,Local - Social Contact,Punjab,Narowal,32.1,74.883,1
2020-04-01,8,0,0,Local - Social Contact,Punjab,Sargodha,32.0778,72.6722,8
2020-04-01,1,0,0,Local - Social Contact,Punjab,Sialkot,32.4836,74.556,1
2020-04-01,2,0,0,Local - Social Contact,Punjab,Bahawal Nagar,30.55,73.39,2
2020-04-01,16,0,0,Iran/Taftan,Punjab,Multan,30.1735,71.469,16
2020-04-01,63,0,0,Iran/Taftan,Punjab,Raiwind,31.254,74.217,63
2020-04-02,27,0,0,Tableeghi Jamaat,Punjab,Raiwind,31.254,74.217,27
2020-04-01,3,0,0,Iran/Taftan,Punjab,Faisalabad,31.4155,73.0908,3
2020-04-02,3,1,0,Unknown,Gilgit-Baltistan,Astore,35.347533,74.861062,2
2020-04-02,32,1,9,Local - Social Contact,Sindh,Karachi,24.8709,67.1145,22
2020-04-02,0,1,0,Tableeghi Jamaat,Sindh,Hyderabad,25.3763,68.3432,-1
2020-04-02,0,0,2,Iran/Taftan,Sindh,Sukkur,27.7221,68.8333,-2
2020-04-02,21,1,0,Unknown,Punjab,Lahore,31.4978,74.3601,20
2020-04-02,4,0,0,Unknown,Islamabad,Islamabad,33.7194,73.0741,4
2020-04-02,5,0,0,Local - Social Contact,Balochistan,Quetta,30.1802,66.9964,5
2020-04-02,1,1,0,Local - Social Contact,Khyber Pakhtunkhwa,Buner,34.490828,72.518118,0
2020-04-02,1,0,0,Local - Social Contact,Khyber Pakhtunkhwa,Abbottabad,34.15,73.2138,1
2020-04-02,5,0,0,Local - Social Contact,Khyber Pakhtunkhwa,Dir Lower,34.868024,71.84701,5
2020-04-02,2,0,0,Local - Social Contact,Khyber Pakhtunkhwa,Dir Upper,35.305038,72.096277,2
2020-04-02,1,0,0,Local - Social Contact,Khyber Pakhtunkhwa,Hangu,33.528,71.058,1
2020-04-02,1,0,0,Local - Social Contact,Khyber Pakhtunkhwa,Karak,33.110578,71.088365,1
2020-04-02,6,0,0,Local - Social Contact,Khyber Pakhtunkhwa,Kohat,33.586,71.442,6
2020-04-02,1,0,0,Local - Social Contact,Khyber Pakhtunkhwa,Mansehra,34.333,73.2,1
2020-04-02,1,0,0,Local - Social Contact,Khyber Pakhtunkhwa,Nowshera,33.996,72.013,1
2020-04-02,17,0,0,Local - Social Contact,Khyber Pakhtunkhwa,Peshawar,34.0114,71.5645,17
2020-04-02,1,0,3,Local - Social Contact,Khyber Pakhtunkhwa,Swabi,34.12,72.472,-2
2020-04-02,1,0,0,Local - Social Contact,Punjab,Gujranwala,32.1547,74.1804,1
2020-04-02,2,0,0,Local - Social Contact,Punjab,Rawalpindi,33.5546,73.1064,2
2020-04-02,10,0,0,Local - Social Contact,Punjab,Mandi Bahauddin,32.583,73.484,10
2020-04-02,6,0,0,Local - Social Contact,Punjab,Vehari,30.033,72.35,6
2020-04-02,6,0,0,Iran/Taftan,Punjab,Dera Ghazi Khan,30.056,70.634,6
2020-04-02,27,0,0,Iran/Taftan,Punjab,Raiwind,31.254,74.217,27
2020-04-02,2,0,0,Iran/Taftan,Punjab,Faisalabad,31.4155,73.0908,2
2020-04-03,1,0,1,Unknown,Gilgit-Baltistan,Shigar,0.0,0.0,0
2020-04-03,1,0,0,Unknown,Gilgit-Baltistan,Nagar,36.273351,74.726677,1
2020-04-03,1,0,0,Unknown,Gilgit-Baltistan,Astore,35.347533,74.861062,1
2020-04-03,6,0,0,Unknown,Islamabad,Islamabad,33.7194,73.0741,6
2020-04-03,40,3,0,Local - Social Contact,Sindh,Karachi,24.8709,67.1145,37
2020-04-03,4,0,0,Local - Social Contact,Khyber Pakhtunkhwa,Peshawar,34.0114,71.5645,4
2020-04-03,6,0,0,Unknown,Balochistan,Quetta,30.1802,66.9964,6
2020-04-03,6,0,0,Local - Social Contact,Khyber Pakhtunkhwa,Abbottabad,34.15,73.2138,6
2020-04-03,1,0,0,Local - Social Contact,Khyber Pakhtunkhwa,Buner,34.490828,72.518118,1
2020-04-03,1,0,0,Local - Social Contact,Khyber Pakhtunkhwa,Dir Upper,35.305038,72.096277,1
2020-04-03,8,0,0,Local - Social Contact,Khyber Pakhtunkhwa,Hangu,33.528,71.058,8
2020-04-03,2,1,0,Local - Social Contact,Khyber Pakhtunkhwa,Mansehra,34.333,73.2,1
2020-04-03,10,1,0,Local - Social Contact,Khyber Pakhtunkhwa,Swat,35.429612,72.566529,9
2020-04-03,11,0,0,Local - Social Contact,Punjab,Lahore,31.4978,74.3601,11
2020-04-03,5,0,0,Local - Social Contact,Punjab,Gujrat,32.572,74.089,5
2020-04-03,1,0,0,Local - Social Contact,Punjab,Jehlum,32.940548,73.727631,1
2020-04-03,1,0,0,Local - Social Contact,Punjab,Gujranwala,32.1547,74.1804,1
2020-04-03,2,0,0,Local - Social Contact,Punjab,Rawalpindi,33.5546,73.1064,2
2020-04-03,1,0,0,Local - Social Contact,Punjab,Chiniot,31.72,72.978,1
2020-04-03,2,0,0,Local - Social Contact,Punjab,Rahim Yar Khan,28.424043,70.300054,2
2020-04-03,1,0,0,Local - Social Contact,Punjab,Sialkot,32.4836,74.556,1
2020-04-03,11,0,0,Local - Social Contact,Punjab,Vehari,30.033,72.35,11
2020-04-03,1,0,0,Local - Social Contact,Punjab,Bahawalpur,29.3962,71.6869,1
2020-04-03,1,0,0,Local - Social Contact,Punjab,Sheikhupura,31.713,73.978,1
2020-04-03,12,0,0,Tableeghi Jamaat,Punjab,Dera Ghazi Khan,30.056,70.634,12
2020-04-03,3,0,0,Tableeghi Jamaat,Punjab,Multan,30.1735,71.469,3
2020-04-03,100,0,0,Tableeghi Jamaat,Punjab,Raiwind,31.254,74.217,100
2020-04-04,7,0,0,Local - Social Contact,Islamabad,Islamabad,33.7194,73.0741,7
2020-04-04,6,3,0,Local - Social Contact,Khyber Pakhtunkhwa,Peshawar,34.0114,71.5645,3
2020-04-04,30,1,0,Local - Social Contact,Punjab,Lahore,31.4978,74.3601,29
2020-04-04,4,0,0,Local - Social Contact,Khyber Pakhtunkhwa,Bannu,32.989,70.606,4
2020-04-04,4,0,0,Local - Social Contact,Khyber Pakhtunkhwa,Buner,34.490828,72.518118,4
2020-04-04,1,0,0,Local - Social Contact,Khyber Pakhtunkhwa,Dera Ismail Khan,31.832,70.902,1
2020-04-04,2,0,0,Local - Social Contact,Khyber Pakhtunkhwa,Dir Upper,35.305038,72.096277,2
2020-04-04,3,0,0,Local - Social Contact,FATA,Khyber,33.979947,71.139336,3
2020-04-04,4,0,0,Local - Social Contact,Khyber Pakhtunkhwa,Lakki Marwat,32.607,70.911,4
2020-04-04,2,0,0,Local - Social Contact,Khyber Pakhtunkhwa,Nowshera,33.996,72.013,2
2020-04-04,2,0,1,Local - Social Contact,Khyber Pakhtunkhwa,Shangla,34.852059,72.738327,1
2020-04-04,1,0,0,Local - Social Contact,Khyber Pakhtunkhwa,Torghar,0.0,0.0,1
2020-04-04,0,0,12,Local - Social Contact,Sindh,Karachi,24.8709,67.1145,-12
2020-04-04,10,0,0,Unknown,Balochistan,Quetta,30.1802,66.9964,10
2020-04-04,0,0,3,Iran/Taftan,Khyber Pakhtunkhwa,Dera Ismail Khan,31.832,70.902,-3
2020-04-04,3,0,0,Unknown,AJK,Muzaffarabad,34.37,73.471,3
2020-04-04,0,0,5,Unknown,Gilgit-Baltistan,Skardu,35.317806,75.552296,-5
2020-04-04,0,0,9,Unknown,Gilgit-Baltistan,Nagar,36.273351,74.726677,-9
2020-04-04,0,0,3,Unknown,Gilgit-Baltistan,Ghanche,35.160867,76.341063,-3
2020-04-05,3,0,0,Local - Social Contact,Islamabad,Islamabad,33.7194,73.0741,3
2020-04-05,4,2,0,Local - Social Contact,Khyber Pakhtunkhwa,Swat,35.429612,72.566529,2
2020-04-05,7,0,0,Local - Social Contact,Khyber Pakhtunkhwa,Peshawar,34.0114,71.5645,7
2020-04-05,6,0,0,Local - Social Contact,Khyber Pakhtunkhwa,Nowshera,33.996,72.013,6
2020-04-05,0,0,1,Local - Social Contact,Khyber Pakhtunkhwa,Orakzai,33.715754,71.005449,-1
2020-04-05,5,0,0,Local - Social Contact,Khyber Pakhtunkhwa,Abbottabad,34.15,73.2138,5
2020-04-05,0,0,1,Local - Social Contact,Khyber Pakhtunkhwa,Charsadda,34.145,71.731,-1
2020-04-05,0,0,1,Local - Social Contact,Khyber Pakhtunkhwa,Dir Lower,34.868024,71.84701,-1
2020-04-05,0,0,2,Local - Social Contact,Khyber Pakhtunkhwa,Dir Upper,35.305038,72.096277,-2
2020-04-05,4,0,4,Local - Social Contact,Khyber Pakhtunkhwa,Buner,34.490828,72.518118,0
2020-04-05,3,0,9,Local - Social Contact,Khyber Pakhtunkhwa,Mardan,34.198,72.045,-6
2020-04-05,0,0,1,Local - Social Contact,Khyber Pakhtunkhwa,Malakand,34.56534,71.983561,-1
2020-04-05,0,0,1,Local - Social Contact,Khyber Pakhtunkhwa,Mansehra,34.333,73.2,-1
2020-04-05,1,0,0,Local - Social Contact,FATA,Bajaur,34.782749,71.532708,1
2020-04-05,1,0,0,Local - Social Contact,Khyber Pakhtunkhwa,Bannu,32.989,70.606,1
2020-04-05,1,0,0,Local - Social Contact,Khyber Pakhtunkhwa,Haripur,33.999,72.934,1
2020-04-05,1,0,0,Local - Social Contact,Khyber Pakhtunkhwa,Karak,33.110578,71.088365,1
2020-04-05,0,0,1,Local - Social Contact,FATA,Kurrum,33.706747,70.389776,-1
2020-04-05,0,0,1,Local - Social Contact,FATA,South Waziristan,32.399536,69.727014,-1
2020-04-05,41,1,0,Local - Social Contact,Sindh,Karachi,24.8709,67.1145,40
2020-04-05,2,0,0,Local - Social Contact,AJK,Mirpur,33.118377,73.744818,2
2020-04-05,6,0,13,Unknown,Balochistan,Quetta,30.1802,66.9964,-7
2020-04-05,17,0,7,Tableegi Jamaat,Gilgit-Baltistan,Gilgit,35.918473,74.3335,10
2020-04-05,31,0,0,Local - Social Contact,Punjab,Lahore,31.4978,74.3601,31
2020-04-05,0,0,0,Local - Social Contact,Punjab,Faisalabad,31.4155,73.0908,0
2020-04-05,47,0,0,Iran/Taftan,Punjab,Raiwind,31.254,74.217,47
2020-04-05,0,0,2,Iran/Taftan,Gilgit-Baltistan,Kharmang,0.0,0.0,-2
2020-04-05,0,0,1,Dubai,Gilgit-Baltistan,Kharmang,0.0,0.0,-1
2020-04-06,51,2,0,Local - Social Contact,Sindh,Karachi,24.8709,67.1145,49
2020-04-06,0,0,130,Iran/Taftan,Sindh,Sukkur,27.7221,68.8333,-130
2020-04-06,3,0,31,Local - Social Contact,Balochistan,Quetta,30.1802,66.9964,-28
2020-04-06,20,3,0,Local - Social Contact,Punjab,Lahore,31.4978,74.3601,17
2020-04-06,77,0,0,Jail,Punjab,Lahore,31.4978,74.3601,77
2020-04-06,1,0,0,Local - Social Contact,Gilgit-Baltistan,Gilgit,35.918473,74.3335,1
2020-04-06,0,0,11,Local - Social Contact,Gilgit-Baltistan,Shigar,0.0,0.0,-11
2020-04-06,1,0,0,Local - Social Contact,AJK,Muzaffarabad,34.37,73.471,1
2020-04-06,1,0,0,Local - Social Contact,Khyber Pakhtunkhwa,Abbottabad,34.15,73.2138,1
2020-04-06,2,0,0,Local - Social Contact,Khyber Pakhtunkhwa,Bannu,32.989,70.606,2
2020-04-06,1,0,0,Local - Social Contact,Khyber Pakhtunkhwa,Buner,34.490828,72.518118,1
2020-04-06,4,0,0,Local - Social Contact,Khyber Pakhtunkhwa,Charsadda,34.145,71.731,4
2020-04-06,3,0,0,Iran/Taftan,Khyber Pakhtunkhwa,Dera Ismail Khan,31.832,70.902,3
2020-04-06,1,0,0,Local - Social Contact,Khyber Pakhtunkhwa,Dera Ismail Khan,31.832,70.902,1
2020-04-06,6,0,1,Local - Social Contact,Khyber Pakhtunkhwa,Dir Lower,34.868024,71.84701,5
2020-04-06,14,0,0,Local - Social Contact,Khyber Pakhtunkhwa,Dir Upper,35.305038,72.096277,14
2020-04-06,1,0,0,Local - Social Contact,Khyber Pakhtunkhwa,Karak,33.110578,71.088365,1
2020-04-06,1,0,0,Local - Social Contact,FATA,Khyber,33.979947,71.139336,1
2020-04-06,15,0,1,Local - Social Contact,Khyber Pakhtunkhwa,Kohat,33.586,71.442,14
2020-04-06,1,0,0,Local - Social Contact,Khyber Pakhtunkhwa,Mansehra,34.333,73.2,1
2020-04-06,9,0,0,Local - Social Contact,Khyber Pakhtunkhwa,Mardan,34.198,72.045,9
2020-04-06,1,0,0,Local - Social Contact,Khyber Pakhtunkhwa,Mohmand,0.0,0.0,1
2020-04-06,24,0,0,Local - Social Contact,Khyber Pakhtunkhwa,Peshawar,34.0114,71.5645,24
2020-04-06,2,0,1,Local - Social Contact,Khyber Pakhtunkhwa,Swabi,34.12,72.472,1
2020-04-06,7,0,0,Local - Social Contact,Khyber Pakhtunkhwa,Swat,35.429612,72.566529,7
2020-04-06,3,0,0,Local - Social Contact,FATA,North Waziristan,0.0,0.0,3
2020-04-07,1,1,0,Local - Social Contact,Islamabad,Islamabad,33.7194,73.0741,0
2020-04-07,0,0,0,Tableeghi Jamaat,Punjab,Raiwind,31.254,74.217,0
2020-04-07,54,1,16,Local - Social Contact,Sindh,Karachi,24.8709,67.1145,37
2020-04-07,11,0,27,Local - Social Contact,Sindh,Karachi,24.8709,67.1145,-16
2020-04-07,12,0,3,Local - Social Contact,Balochistan,Quetta,30.1802,66.9964,9
2020-04-07,0,0,28,Local - Social Contact,Gilgit-Baltistan,Skardu,35.317806,75.552296,-28
2020-04-07,1,0,2,Local - Social Contact,Gilgit-Baltistan,Kharmang,0.0,0.0,-1
2020-04-07,0,0,1,Iran/Taftan,Khyber Pakhtunkhwa,Peshawar,34.0114,71.5645,-1
2020-04-07,7,1,4,Local - Social Contact,Khyber Pakhtunkhwa,Peshawar,34.0114,71.5645,2
2020-04-07,2,0,0,Local - Social Contact,Khyber Pakhtunkhwa,Abbottabad,34.15,73.2138,2
2020-04-07,1,0,0,Local - Social Contact,FATA,Bajaur,34.782749,71.532708,1
2020-04-07,1,0,0,Local - Social Contact,Khyber Pakhtunkhwa,Bannu,32.989,70.606,1
2020-04-07,2,0,0,Local - Social Contact,Khyber Pakhtunkhwa,Charsadda,34.145,71.731,2
2020-04-07,3,0,0,Local - Social Contact,Khyber Pakhtunkhwa,Dir Upper,35.305038,72.096277,3
2020-04-07,2,0,0,Local - Social Contact,Khyber Pakhtunkhwa,Karak,33.110578,71.088365,2
2020-04-07,1,0,0,Local - Social Contact,FATA,Khyber,33.979947,71.139336,1
2020-04-07,0,0,1,Local - Social Contact,FATA,Kurrum,33.706747,70.389776,-1
2020-04-07,3,0,0,Local - Social Contact,Khyber Pakhtunkhwa,Orakzai,33.715754,71.005449,3
2020-04-07,2,0,0,Local - Social Contact,Khyber Pakhtunkhwa,Shangla,34.852059,72.738327,2
2020-04-07,1,0,0,Local - Social Contact,Khyber Pakhtunkhwa,Swat,35.429612,72.566529,1
2020-04-07,3,0,0,Local - Social Contact,AJK,Muzaffarabad,34.37,73.471,3
2020-04-08,49,2,0,Local - Social Contact,Punjab,Lahore,31.4978,74.3601,47
2020-04-08,2,0,0,Local - Social Contact,Punjab,Multan,30.1735,71.469,2
2020-04-08,3,0,0,Local - Social Contact,Punjab,Gujrat,32.572,74.089,3
2020-04-08,1,0,0,Local - Social Contact,Punjab,Jehlum,32.940548,73.727631,1
2020-04-08,15,0,0,Local - Social Contact,Punjab,Gujranwala,32.1547,74.1804,15
2020-04-08,8,0,0,Local - Social Contact,Punjab,Rawalpindi,33.5546,73.1064,8
2020-04-08,12,0,0,Local - Social Contact,Punjab,Faisalabad,31.4155,73.0908,12
2020-04-08,7,0,0,Local - Social Contact,Punjab,Chiniot,31.72,72.978,7
2020-04-08,1,0,0,Local - Social Contact,Punjab,Mandi Bahauddin,32.583,73.484,1
2020-04-08,7,0,0,Local - Social Contact,Punjab,Mianwali,32.574,71.526,7
2020-04-08,4,0,0,Local - Social Contact,Punjab,Narowal,32.1,74.883,4
2020-04-08,0,0,2,Local - Social Contact,Punjab,Rahim Yar Khan,28.424043,70.300054,-2
2020-04-08,0,0,4,Local - Social Contact,Punjab,Sargodha,32.0778,72.6722,-4
2020-04-08,17,0,0,Local - Social Contact,Punjab,Sialkot,32.4836,74.556,17
2020-04-08,6,0,0,Local - Social Contact,Punjab,Bahawal Nagar,30.55,73.39,6
2020-04-08,13,0,0,Local - Social Contact,Punjab,Dera Ghazi Khan,30.056,70.634,13
2020-04-08,1,0,0,Local - Social Contact,Punjab,Hafizabad,32.067,73.685,1
2020-04-08,0,0,6,Local - Social Contact,Punjab,Vehari,30.033,72.35,-6
2020-04-08,1,0,0,Local - Social Contact,Punjab,Okara,30.808,73.445,1
2020-04-08,1,0,0,Local - Social Contact,Punjab,Bahawalpur,29.3962,71.6869,1
2020-04-08,8,0,0,Local - Social Contact,Punjab,Kasur,31.115,74.446,8
2020-04-08,1,0,0,Local - Social Contact,Punjab,Lodhran,29.54,71.633,1
2020-04-08,2,0,0,Local - Social Contact,Punjab,Toba Tek Singh,30.974,72.482,2
2020-04-08,50,1,1,Local - Social Contact,Sindh,Karachi,24.8709,67.1145,48
2020-04-08,6,0,0,Local - Social Contact,Sindh,Larkana,27.55,68.216,6
2020-04-08,2,0,0,Local - Social Contact,Sindh,Jamshoro,0.0,0.0,2
2020-04-08,1,0,0,Local - Social Contact,Sindh,Badin,24.65,68.833,1
2020-04-08,7,0,0,Local - Social Contact,Sindh,Shaheed Benazirabad,0.0,0.0,7
2020-04-08,4,0,0,Local - Social Contact,Sindh,Naushero Feroz,26.842,68.122,4
2020-04-08,1,0,0,Local - Social Contact,Sindh,Shujawal,0.0,0.0,1
2020-04-08,1,0,0,Local - Social Contact,Sindh,Sanghar,26.033,68.95,1
2020-04-08,12,0,0,Local - Social Contact,Sindh,Tando M. Khan,25.133,68.533,12
2020-04-08,2,0,0,Local - Social Contact,Sindh,Ghotki,28.006,69.316,2
2020-04-08,42,1,0,Tableeghi Jamaat,Sindh,Hyderabad,25.3763,68.3432,41
2020-04-08,0,0,18,Iran/Taftan,Sindh,Sukkur,27.7221,68.8333,-18
2020-04-08,8,1,10,Local - Social Contact,Balochistan,Quetta,30.1802,66.9964,-3
2020-04-08,1,0,20,Local - Social Contact,Gilgit-Baltistan,Nagar,36.273351,74.726677,-19
2020-04-08,0,0,0,Local - Social Contact,Khyber Pakhtunkhwa,Peshawar,34.0114,71.5645,0
2020-04-08,0,1,0,Local - Social Contact,Khyber Pakhtunkhwa,Shangla,34.852059,72.738327,-1
2020-04-08,2,1,0,Local - Social Contact,Khyber Pakhtunkhwa,Kohat,33.586,71.442,1
2020-04-08,12,0,1,Local - Social Contact,Khyber Pakhtunkhwa,Buner,34.490828,72.518118,11
2020-04-08,3,0,1,Local - Social Contact,Khyber Pakhtunkhwa,Charsadda,34.145,71.731,2
2020-04-08,2,0,0,Local - Social Contact,Khyber Pakhtunkhwa,Dir Upper,35.305038,72.096277,2
2020-04-08,2,0,0,Local - Social Contact,FATA,Khyber,33.979947,71.139336,2
2020-04-08,4,0,0,Local - Social Contact,FATA,Kurrum,33.706747,70.389776,4
2020-04-08,5,0,0,Local - Social Contact,Khyber Pakhtunkhwa,Nowshera,33.996,72.013,5
2020-04-08,1,0,0,Local - Social Contact,Khyber Pakhtunkhwa,Torghar,0.0,0.0,1
2020-04-08,0,0,48,Iran/Taftan,Khyber Pakhtunkhwa,Dera Ismail Khan,31.832,70.902,-48
2020-04-08,0,0,1,Local - Social Contact,Khyber Pakhtunkhwa,Mansehra,34.333,73.2,-1
2020-04-08,10,0,0,Local - Social Contact,AJK,Muzaffarabad,34.37,73.471,10
2020-04-09,35,0,7,Local - Social Contact,Islamabad,Islamabad,33.7194,73.0741,28
2020-04-09,0,0,5,Iran/Taftan,Punjab,Dera Ghazi Khan,30.056,70.634,-5
2020-04-09,213,1,0,Tableeghi Jamaat,Punjab,Raiwind,31.254,74.217,212
2020-04-09,18,0,0,Tableeghi Jamaat,Punjab,Faisalabad,31.4155,73.0908,18
2020-04-09,366,0,0,Tableeghi Jamaat,Punjab,Multan,30.1735,71.469,366
2020-04-10,12,0,0,Jail,Punjab,Lahore,31.4978,74.3601,12
2020-04-09,0,0,18,Local - Social Contact,Sindh,Sukkur,27.7221,68.8333,-18
2020-04-09,92,1,0,Unknown,Sindh,Karachi,24.8709,67.1145,91
2020-04-09,0,0,69,Iran/Taftan,Sindh,Sukkur,27.7221,68.8333,-69
2020-04-09,7,0,0,Local - Social Contact,Balochistan,Quetta,30.1802,66.9964,7
2020-04-09,2,0,0,Local - Social Contact,Gilgit-Baltistan,Kharmang,0.0,0.0,2
2020-04-09,3,0,0,Local - Social Contact,Khyber Pakhtunkhwa,Abbottabad,34.15,73.2138,3
2020-04-09,6,0,0,Local - Social Contact,Khyber Pakhtunkhwa,Buner,34.490828,72.518118,6
2020-04-09,1,0,0,Local - Social Contact,Khyber Pakhtunkhwa,Charsadda,34.145,71.731,1
2020-04-09,10,0,0,Local - Social Contact,Khyber Pakhtunkhwa,Dir Upper,35.305038,72.096277,10
2020-04-09,4,0,0,Local - Social Contact,Khyber Pakhtunkhwa,Hangu,33.528,71.058,4
2020-04-09,1,0,0,Local - Social Contact,Khyber Pakhtunkhwa,Haripur,33.999,72.934,1
2020-04-09,6,1,0,Local - Social Contact,Khyber Pakhtunkhwa,Mardan,34.198,72.045,5
2020-04-09,1,0,0,Local - Social Contact,Khyber Pakhtunkhwa,Nowshera,33.996,72.013,1
2020-04-09,1,0,0,Local - Social Contact,Khyber Pakhtunkhwa,Orakzai,33.715754,71.005449,1
2020-04-09,15,1,0,Local - Social Contact,Khyber Pakhtunkhwa,Peshawar,34.0114,71.5645,14
2020-04-09,2,0,0,Local - Social Contact,Khyber Pakhtunkhwa,Shangla,34.852059,72.738327,2
2020-04-09,1,0,0,Local - Social Contact,Khyber Pakhtunkhwa,Swabi,34.12,72.472,1
2020-04-09,7,0,0,Local - Social Contact,Khyber Pakhtunkhwa,Swat,35.429612,72.566529,7
2020-04-09,1,0,0,Local - Social Contact,FATA,North Waziristan,0.0,0.0,1
2020-04-09,5,0,0,Local - Social Contact,AJK,Muzaffarabad,34.37,73.471,5
2020-04-09,23,0,0,Local - Social Contact,Punjab,Lahore,31.4978,74.3601,23
2020-04-09,1,0,0,Local - Social Contact,Punjab,Gujrat,32.572,74.089,1
2020-04-09,0,0,1,Local - Social Contact,Punjab,Jehlum,32.940548,73.727631,-1
2020-04-09,0,0,1,Local - Social Contact,Punjab,Gujranwala,32.1547,74.1804,-1
2020-04-09,1,0,0,Local - Social Contact,Punjab,Rawalpindi,33.5546,73.1064,1
2020-04-09,4,0,0,Local - Social Contact,Punjab,Chakwal,32.933,72.866,4
2020-04-09,6,0,0,Local - Social Contact,Punjab,Faisalabad,31.4155,73.0908,6
2020-04-09,0,0,7,Local - Social Contact,Punjab,Mandi Bahauddin,32.583,73.484,-7
2020-04-09,0,0,1,Local - Social Contact,Punjab,Mianwali,32.574,71.526,-1
2020-04-09,2,0,0,Local - Social Contact,Punjab,Narowal,32.1,74.883,2
2020-04-09,17,0,0,Local - Social Contact,Punjab,Rahim Yar Khan,28.424043,70.300054,17
2020-04-09,2,0,0,Local - Social Contact,Punjab,Sargodha,32.0778,72.6722,2
2020-04-09,1,0,0,Local - Social Contact,Punjab,Jhang,31.2465,72.3333,1
2020-04-09,8,0,0,Local - Social Contact,Punjab,Sialkot,32.4836,74.556,8
2020-04-09,0,0,4,Local - Social Contact,Punjab,Bahawal Nagar,30.55,73.39,-4
2020-04-09,6,0,0,Local - Social Contact,Punjab,Hafizabad,32.067,73.685,6
2020-04-09,2,0,0,Local - Social Contact,Punjab,Khushab,32.296,72.352,2
2020-04-09,2,0,0,Local - Social Contact,Punjab,Bahawalpur,29.3962,71.6869,2
2020-04-09,8,0,0,Local - Social Contact,Punjab,Nsb,0.0,0.0,8
2020-04-09,2,0,0,Local - Social Contact,Punjab,Sheikhupura,31.713,73.978,2
2020-04-10,85,1,9,Local - Social Contact,Sindh,Karachi,24.8709,67.1145,75
2020-04-10,1,0,0,Local - Social Contact,Sindh,Shaheed Benazirabad,0.0,0.0,1
2020-04-10,1,0,13,Local - Social Contact,Balochistan,Quetta,30.1802,66.9964,-12
2020-04-10,0,0,14,Local - Social Contact,Gilgit-Baltistan,Nagar,36.273351,74.726677,-14
2020-04-10,0,0,0,Local - Social Contact,Khyber Pakhtunkhwa,Peshawar,34.0114,71.5645,0
2020-04-10,3,0,0,Local - Social Contact,Khyber Pakhtunkhwa,Abbottabad,34.15,73.2138,3
2020-04-10,3,0,3,Local - Social Contact,FATA,Bajaur,34.782749,71.532708,0
2020-04-10,5,0,0,Local - Social Contact,Khyber Pakhtunkhwa,Bannu,32.989,70.606,5
2020-04-10,4,0,1,Local - Social Contact,Khyber Pakhtunkhwa,Buner,34.490828,72.518118,3
2020-04-10,3,0,0,Local - Social Contact,Khyber Pakhtunkhwa,Charsadda,34.145,71.731,3
2020-04-10,0,1,0,Tableegi Jamaat,Khyber Pakhtunkhwa,Dir Lower,34.868024,71.84701,-1
2020-04-10,1,0,0,Local - Social Contact,Khyber Pakhtunkhwa,Dir Upper,35.305038,72.096277,1
2020-04-10,1,0,1,Local - Social Contact,Khyber Pakhtunkhwa,Hangu,33.528,71.058,0
2020-04-10,1,0,0,Local - Social Contact,Khyber Pakhtunkhwa,Haripur,33.999,72.934,1
2020-04-10,0,0,1,Local - Social Contact,Khyber Pakhtunkhwa,Karak,33.110578,71.088365,-1
2020-04-10,2,0,1,Local - Social Contact,Khyber Pakhtunkhwa,Kohat,33.586,71.442,1
2020-04-10,2,1,0,Local - Social Contact,Khyber Pakhtunkhwa,Malakand,34.56534,71.983561,1
2020-04-10,1,0,0,Local - Social Contact,Khyber Pakhtunkhwa,Nowshera,33.996,72.013,1
2020-04-10,8,0,0,Local - Social Contact,Khyber Pakhtunkhwa,Peshawar,34.0114,71.5645,8
2020-04-10,3,0,0,Local - Social Contact,Khyber Pakhtunkhwa,Swabi,34.12,72.472,3
2020-04-10,2,1,2,Tableegi Jamaat,Khyber Pakhtunkhwa,Swat,35.429612,72.566529,-1
2020-04-10,0,0,1,Local - Social Contact,Khyber Pakhtunkhwa,Tank,32.221,70.379,-1
2020-04-10,0,0,2,Iran/Taftan,Khyber Pakhtunkhwa,Dera Ismail Khan,31.832,70.902,-2
2020-04-10,0,0,0,Local - Social Contact,AJK,Muzaffarabad,34.37,73.471,0
2020-04-10,10,0,0,Local - Social Contact,Punjab,Lahore,31.4978,74.3601,10
2020-04-10,1,0,0,Local - Social Contact,Punjab,Faisalabad,31.4155,73.0908,1
2020-04-10,0,0,5,Local - Social Contact,Punjab,Nankana,31.447,73.697,-5
2020-04-10,7,0,0,Local - Social Contact,Punjab,Sheikhupura,31.713,73.978,7
2020-04-11,1,0,10,Local - Social Contact,Gilgit-Baltistan,Gilgit,35.918473,74.3335,-9
2020-04-11,0,0,11,Local - Social Contact,Gilgit-Baltistan,Nagar,36.273351,74.726677,-11
2020-04-11,1,0,0,Local - Social Contact,AJK,Muzaffarabad,34.37,73.471,1
2020-04-11,8,0,6,Local - Social Contact,Balochistan,Quetta,30.1802,66.9964,2
2020-04-11,5,4,1,Local - Social Contact,Khyber Pakhtunkhwa,Peshawar,34.0114,71.5645,0
2020-04-11,5,1,0,Local - Social Contact,Khyber Pakhtunkhwa,Kohat,33.586,71.442,4
2020-04-11,3,1,0,Local - Social Contact,Khyber Pakhtunkhwa,Nowshera,33.996,72.013,2
2020-04-11,1,0,4,Local - Social Contact,Khyber Pakhtunkhwa,Abbottabad,34.15,73.2138,-3
2020-04-11,5,0,0,Local - Social Contact,Khyber Pakhtunkhwa,Buner,34.490828,72.518118,5
2020-04-11,3,0,0,Local - Social Contact,Khyber Pakhtunkhwa,Dir Lower,34.868024,71.84701,3
2020-04-11,6,0,0,Local - Social Contact,Khyber Pakhtunkhwa,Dir Upper,35.305038,72.096277,6
2020-04-11,6,0,0,Local - Social Contact,Khyber Pakhtunkhwa,Mansehra,34.333,73.2,6
2020-04-11,5,0,0,Local - Social Contact,Khyber Pakhtunkhwa,Mardan,34.198,72.045,5
2020-04-11,4,0,0,Local - Social Contact,Khyber Pakhtunkhwa,Shangla,34.852059,72.738327,4
2020-04-11,2,0,2,Local - Social Contact,Khyber Pakhtunkhwa,Swat,35.429612,72.566529,0
2020-04-11,0,0,1,Local - Social Contact,Khyber Pakhtunkhwa,Dera Ismail Khan,31.832,70.902,-1
2020-04-11,84,6,0,Local - Social Contact,Sindh,Karachi,24.8709,67.1145,78
2020-04-11,3,0,0,Local - Social Contact,Sindh,Larkana,27.55,68.216,3
2020-04-11,17,0,0,Local - Social Contact,Sindh,Hyderabad,25.3763,68.3432,17
2020-04-11,29,3,0,Local - Social Contact,Punjab,Lahore,31.4978,74.3601,26
2020-04-11,1,0,0,Tableeghi Jamaat,Punjab,Dera Ghazi Khan,30.056,70.634,1
2020-04-11,30,0,0,Local - Social Contact,Punjab,Gujrat,32.572,74.089,30
2020-04-11,7,0,0,Tableeghi Jamaat,Punjab,Raiwind,31.254,74.217,7
2020-04-11,5,0,0,Local - Social Contact,Punjab,Rawalpindi,33.5546,73.1064,5
2020-04-11,3,0,0,Local - Social Contact,Punjab,Nankana,31.447,73.697,3
2020-04-11,16,0,0,Local - Social Contact,Punjab,Laiya,30.961,70.939,16
2020-04-11,0,0,2,Local - Social Contact,Punjab,Jehlum,32.940548,73.727631,-2
2020-04-11,47,0,0,Unknown,Punjab,Bhakhar,31.625,71.065,47
2020-04-12,1,0,3,Local - Social Contact,Islamabad,Islamabad,33.7194,73.0741,-2
2020-04-12,79,2,18,Unknown,Sindh,Karachi,24.8709,67.1145,59
2020-04-12,14,0,0,Unknown,Sindh,Khairpur,0.0,0.0,14
2020-04-12,9,1,0,Local - Social Contact,Khyber Pakhtunkhwa,Peshawar,34.0114,71.5645,8
2020-04-12,2,1,0,Local - Social Contact,Khyber Pakhtunkhwa,Mardan,34.198,72.045,1
2020-04-12,0,1,0,Local - Social Contact,Khyber Pakhtunkhwa,Swabi,34.12,72.472,-1
2020-04-12,6,0,0,Local - Social Contact,Khyber Pakhtunkhwa,Buner,34.490828,72.518118,6
2020-04-12,1,0,0,Local - Social Contact,Khyber Pakhtunkhwa,Dir Upper,35.305038,72.096277,1
2020-04-12,1,0,0,Local - Social Contact,Khyber Pakhtunkhwa,Hangu,33.528,71.058,1
2020-04-12,4,0,0,Local - Social Contact,Khyber Pakhtunkhwa,Karak,33.110578,71.088365,4
2020-04-12,4,0,0,Local - Social Contact,Khyber Pakhtunkhwa,Kohat,33.586,71.442,4
2020-04-12,2,0,0,Local - Social Contact,FATA,Kurrum,33.706747,70.389776,2
2020-04-12,3,0,0,Local - Social Contact,Khyber Pakhtunkhwa,Malakand,34.56534,71.983561,3
2020-04-12,10,0,0,Local - Social Contact,Khyber Pakhtunkhwa,Mansehra,34.333,73.2,10
2020-04-12,2,0,0,Local - Social Contact,Khyber Pakhtunkhwa,Nowshera,33.996,72.013,2
2020-04-12,2,0,1,Local - Social Contact,Khyber Pakhtunkhwa,Swat,35.429612,72.566529,1
2020-04-12,1,0,0,Local - Social Contact,FATA,South Waziristan,32.399536,69.727014,1
2020-04-12,0,0,2,Local - Social Contact,FATA,North Waziristan,0.0,0.0,-2
2020-04-12,8,0,0,Local - Social Contact,Balochistan,Quetta,30.1802,66.9964,8
2020-04-12,6,0,1,Local - Social Contact,AJK,Muzaffarabad,34.37,73.471,5
2020-04-12,32,2,25,Local - Social Contact,Punjab,Lahore,31.4978,74.3601,5
2020-04-12,19,0,0,Local - Social Contact,Punjab,Multan,30.1735,71.469,19
2020-04-12,0,0,175,Local - Social Contact,Punjab,Dera Ghazi Khan,30.056,70.634,-175
2020-04-12,6,0,0,Local - Social Contact,Punjab,Gujrat,32.572,74.089,6
2020-04-12,2,0,0,Local - Social Contact,Punjab,Rawalpindi,33.5546,73.1064,2
2020-04-12,3,0,0,Local - Social Contact,Punjab,Faisalabad,31.4155,73.0908,3
2020-04-12,19,0,0,Local - Social Contact,Punjab,Rahim Yar Khan,28.424043,70.300054,19
2020-04-12,6,0,0,Local - Social Contact,Punjab,Vehari,30.033,72.35,6
2020-04-12,1,0,0,Local - Social Contact,Punjab,Khushab,32.296,72.352,1
2020-04-12,1,0,0,Local - Social Contact,Punjab,Bahawalpur,29.3962,71.6869,1
2020-04-13,12,0,0,Local - Social Contact,Islamabad,Islamabad,33.7194,73.0741,12
2020-04-12,9,0,0,Jail,Punjab,Lahore,31.4978,74.3601,9
2020-04-13,0,1,0,Unknown,Punjab,Lahore,31.4978,74.3601,-1
2020-04-13,0,0,233,Tableeghi Jamaat,Punjab,Dera Ghazi Khan,30.056,70.634,-233
2020-04-13,60,0,0,Local - Social Contact,Punjab,Multan,30.1735,71.469,60
2020-04-13,39,1,30,Unknown,Sindh,Karachi,24.8709,67.1145,8
2020-04-13,1,0,0,Local - Social Contact,Sindh,Sujawal,0.0,0.0,1
2020-04-13,1,0,0,Local - Social Contact,Sindh,Sanghar,26.033,68.95,1
2020-04-13,0,1,0,Local - Social Contact,Khyber Pakhtunkhwa,Peshawar,34.0114,71.5645,-1
2020-04-13,1,1,1,Local - Social Contact,Khyber Pakhtunkhwa,Abbottabad,34.15,73.2138,-1
2020-04-13,5,0,0,Local - Social Contact,Khyber Pakhtunkhwa,Charsadda,34.145,71.731,5
2020-04-13,3,0,2,Local - Social Contact,Khyber Pakhtunkhwa,Kohat,33.586,71.442,1
2020-04-13,9,0,0,Local - Social Contact,FATA,Kurrum,33.706747,70.389776,9
2020-04-13,2,0,0,Local - Social Contact,Khyber Pakhtunkhwa,Malakand,34.56534,71.983561,2
2020-04-13,1,0,0,Local - Social Contact,FATA,Mohmand,0.0,0.0,1
2020-04-13,1,0,0,Local - Social Contact,Khyber Pakhtunkhwa,Nowshera,33.996,72.013,1
2020-04-13,31,0,0,Local - Social Contact,Khyber Pakhtunkhwa,Peshawar,34.0114,71.5645,31
2020-04-13,3,0,0,Local - Social Contact,Khyber Pakhtunkhwa,Swat,35.429612,72.566529,3
2020-04-13,0,0,1,Local - Social Contact,Khyber Pakhtunkhwa,Swabi,34.12,72.472,-1
2020-04-13,0,0,0,Local - Social Contact,Khyber Pakhtunkhwa,Lakki Marwat,32.607,70.911,0
2020-04-13,0,0,2,Local - Social Contact,Khyber Pakhtunkhwa,Dir Lower,34.868024,71.84701,-2
2020-04-13,0,0,1,Local - Social Contact,FATA,Bajaur,34.782749,71.532708,-1
2020-04-13,0,0,1,Local - Social Contact,Khyber Pakhtunkhwa,Bannu,32.989,70.606,-1
2020-04-13,3,0,0,Local - Social Contact,AJK,Muzaffarabad,34.37,73.471,3
2020-04-13,1,0,0,Local - Social Contact,Balochistan,Quetta,30.1802,66.9964,1
2020-04-14,10,0,6,Local - Social Contact,Gilgit-Baltistan,Shigar,0.0,0.0,4
2020-04-14,0,0,5,Local - Social Contact,Gilgit-Baltistan,Kharmang,0.0,0.0,-5
2020-04-14,0,0,11,Local - Social Contact,Gilgit-Baltistan,Skardu,35.317806,75.552296,-11
2020-04-14,0,0,2,Local - Social Contact,Gilgit-Baltistan,Ghanche,35.160867,76.341063,-2
2020-04-14,17,0,0,Local - Social Contact,Balochistan,Quetta,30.1802,66.9964,17
2020-04-14,66,3,0,Local - Social Contact,Sindh,Karachi,24.8709,67.1145,63
2020-04-14,0,1,3,Local - Social Contact,Sindh,Hyderabad,25.3763,68.3432,-4
2020-04-14,0,0,1,Iran/Taftan,Sindh,Sukkur,27.7221,68.8333,-1
2020-04-14,22,3,0,Unknown,Khyber Pakhtunkhwa,Peshawar,34.0114,71.5645,19
2020-04-14,4,0,0,Unknown,Khyber Pakhtunkhwa,Dera Ismail Khan,31.832,70.902,4
2020-04-14,5,0,0,Local - Social Contact,Khyber Pakhtunkhwa,Bannu,32.989,70.606,5
2020-04-14,7,0,1,Local - Social Contact,Khyber Pakhtunkhwa,Buner,34.490828,72.518118,6
2020-04-14,4,0,2,Local - Social Contact,Khyber Pakhtunkhwa,Charsadda,34.145,71.731,2
2020-04-14,11,0,7,Local - Social Contact,Khyber Pakhtunkhwa,Dir Upper,35.305038,72.096277,4
2020-04-14,3,0,0,Local - Social Contact,Khyber Pakhtunkhwa,Hangu,33.528,71.058,3
2020-04-14,1,0,0,Local - Social Contact,FATA,Khyber,33.979947,71.139336,1
2020-04-14,1,0,5,Local - Social Contact,Khyber Pakhtunkhwa,Kohat,33.586,71.442,-4
2020-04-14,4,0,0,Local - Social Contact,Khyber Pakhtunkhwa,Nowshera,33.996,72.013,4
2020-04-14,2,0,0,Local - Social Contact,Khyber Pakhtunkhwa,Shangla,34.852059,72.738327,2
2020-04-14,1,0,0,Local - Social Contact,FATA,North Waziristan,0.0,0.0,1
2020-04-14,0,0,3,Local - Social Contact,Khyber Pakhtunkhwa,Abbottabad,34.15,73.2138,-3
2020-04-14,0,0,3,Local - Social Contact,Khyber Pakhtunkhwa,Swat,35.429612,72.566529,-3
2020-04-14,0,0,4,Local - Social Contact,Khyber Pakhtunkhwa,Dir Lower,34.868024,71.84701,-4
2020-04-14,0,0,3,Local - Social Contact,Khyber Pakhtunkhwa,Haripur,33.999,72.934,-3
2020-04-14,35,4,0,Unknown,Punjab,Lahore,31.4978,74.3601,31
2020-04-14,45,0,0,Local - Social Contact,Punjab,Multan,30.1735,71.469,45
2020-04-14,13,0,0,Local - Social Contact,Punjab,Gujrat,32.572,74.089,13
2020-04-14,44,0,0,Local - Social Contact,Punjab,Jehlum,32.940548,73.727631,44
2020-04-14,2,0,0,Local - Social Contact,Punjab,Gujranwala,32.1547,74.1804,2
2020-04-14,22,0,0,Local - Social Contact,Punjab,Rawalpindi,33.5546,73.1064,22
2020-04-14,7,0,0,Local - Social Contact,Punjab,Faisalabad,31.4155,73.0908,7
2020-04-14,11,0,0,Local - Social Contact,Punjab,Mandi Bahauddin,32.583,73.484,11
2020-04-14,8,0,0,Local - Social Contact,Punjab,Mianwali,32.574,71.526,8
2020-04-14,15,0,0,Local - Social Contact,Punjab,Narowal,32.1,74.883,15
2020-04-14,5,0,0,Local - Social Contact,Punjab,Rahim Yar Khan,28.424043,70.300054,5
2020-04-14,36,0,0,Local - Social Contact,Punjab,Sargodha,32.0778,72.6722,36
2020-04-14,7,0,0,Local - Social Contact,Punjab,Sahewal,0.0,0.0,7
2020-04-14,9,0,0,Local - Social Contact,Punjab,Rajanpur,29.103,70.325,9
2020-04-14,22,0,0,Local - Social Contact,Punjab,Sialkot,32.4836,74.556,22
2020-04-14,5,0,0,Local - Social Contact,Punjab,Bahawal Nagar,30.55,73.39,5
2020-04-14,35,0,0,Local - Social Contact,Punjab,Hafizabad,32.067,73.685,35
2020-04-14,52,0,0,Local - Social Contact,Punjab,Muzaffargar,30.075,71.192,52
2020-04-14,2,0,0,Local - Social Contact,Punjab,Nankana,31.447,73.697,2
2020-04-14,47,0,0,Local - Social Contact,Punjab,Vehari,30.033,72.35,47
2020-04-14,2,0,0,Local - Social Contact,Punjab,Khushab,32.296,72.352,2
2020-04-14,11,0,0,Local - Social Contact,Punjab,Laiya,30.961,70.939,11
2020-04-14,2,0,0,Local - Social Contact,Punjab,Khanewal,0.0,0.0,2
2020-04-14,8,0,0,Local - Social Contact,Punjab,Sheikhupura,31.713,73.978,8
2020-04-14,1,0,0,Local - Social Contact,Punjab,Pakpatan,0.0,0.0,1
2020-04-14,14,0,0,Local - Social Contact,Punjab,Bhakhar,31.625,71.065,14
2020-04-14,10,0,0,Tableeghi Jamaat,Punjab,Raiwind,31.254,74.217,10
2020-04-15,9,0,0,Local - Social Contact,Islamabad,Islamabad,33.7194,73.0741,9
2020-04-15,3,0,0,Unknown,AJK,Muzaffarabad,34.37,73.471,3
2020-04-15,0,0,19,Local - Social Contact,Gilgit-Baltistan,Skardu,35.317806,75.552296,-19
2020-04-15,3,0,0,Local - Social Contact,Gilgit-Baltistan,Diamer,0.0,0.0,3
2020-04-15,2,0,0,Local - Social Contact,Gilgit-Baltistan,Nagar,36.273351,74.726677,2
2020-04-15,6,0,2,Local - Social Contact,Gilgit-Baltistan,Astore,35.347533,74.861062,4
2020-04-15,0,0,1,Local - Social Contact,Gilgit-Baltistan,Nagar,36.273351,74.726677,-1
2020-04-15,33,1,13,Unknown,Balochistan,Quetta,30.1802,66.9964,19
2020-04-15,1,0,0,Local - Social Contact,Sindh,Larkana,27.55,68.216,1
2020-04-15,7,0,0,Local - Social Contact,Sindh,Naushero Feroz,26.842,68.122,7
2020-04-15,28,0,0,Local - Social Contact,Sindh,Shaheed Benazirabad,0.0,0.0,28
2020-04-15,20,0,104,Tableeghi Jamaat,Sindh,Hyderabad,25.3763,68.3432,-84
2020-04-15,94,5,27,Local - Social Contact,Sindh,Karachi,24.8709,67.1145,62
2020-04-15,0,1,0,Iran/Taftan,Sindh,Sukkur,27.7221,68.8333,-1
2020-04-15,38,4,0,Local - Social Contact,Khyber Pakhtunkhwa,Peshawar,34.0114,71.5645,34
2020-04-15,0,0,3,Iran/Taftan,Khyber Pakhtunkhwa,Peshawar,34.0114,71.5645,-3
2020-04-15,1,0,0,Local - Social Contact,Khyber Pakhtunkhwa,Buner,34.490828,72.518118,1
2020-04-15,7,0,0,Local - Social Contact,Khyber Pakhtunkhwa,Dera Ismail Khan,31.832,70.902,7
2020-04-15,1,0,1,Local - Social Contact,Khyber Pakhtunkhwa,Kohat,33.586,71.442,0
2020-04-15,2,0,0,Local - Social Contact,Khyber Pakhtunkhwa,Orakzai,33.715754,71.005449,2
2020-04-15,1,0,3,Local - Social Contact,Khyber Pakhtunkhwa,Swat,35.429612,72.566529,-2
2020-04-15,0,0,1,Local - Social Contact,Khyber Pakhtunkhwa,Mardan,34.198,72.045,-1
2020-04-15,0,0,2,Local - Social Contact,Khyber Pakhtunkhwa,Mansehra,34.333,73.2,-2
2020-04-15,0,0,1,Local - Social Contact,FATA,Khyber,33.979947,71.139336,-1
2020-04-15,0,0,2,Local - Social Contact,Khyber Pakhtunkhwa,Dir Upper,35.305038,72.096277,-2
2020-04-15,0,0,1,Local - Social Contact,Khyber Pakhtunkhwa,Abbottabad,34.15,73.2138,-1
2020-04-15,20,0,0,Local - Social Contact,Punjab,Rawalpindi,33.5546,73.1064,20
2020-04-15,10,0,0,Local - Social Contact,Punjab,Gujranwala,32.1547,74.1804,10
2020-04-15,0,0,28,Local - Social Contact,Punjab,Lahore,31.4978,74.3601,-28
2020-04-15,0,0,1,Local - Social Contact,Punjab,Chakwal,32.933,72.866,-1
2020-04-15,24,0,0,Local - Social Contact,Punjab,Lahore,31.4978,74.3601,24
2020-04-15,3,0,0,Local - Social Contact,Punjab,Mandi Bahauddin,32.583,73.484,3
2020-04-15,1,0,0,Local - Social Contact,Punjab,Jhang,31.2465,72.3333,1
2020-04-15,7,0,0,Local - Social Contact,Punjab,Narowal,32.1,74.883,7
2020-04-16,21,0,0,Local - Social Contact,Punjab,Rawalpindi,33.5546,73.1064,21
2020-04-16,10,0,0,Local - Social Contact,Punjab,Gujranwala,32.1547,74.1804,10
2020-04-16,9,0,0,Local - Social Contact,Punjab,Multan,30.1735,71.469,9
2020-04-16,4,0,0,Local - Social Contact,Punjab,Gujrat,32.572,74.089,4
2020-04-16,24,2,59,Local - Social Contact,Balochistan,Quetta,30.1802,66.9964,-37
2020-04-16,5,0,0,Local - Social Contact,Islamabad,Islamabad,33.7194,73.0741,5
2020-04-16,22,2,1,Local - Social Contact,Khyber Pakhtunkhwa,Peshawar,34.0114,71.5645,19
2020-04-16,1,1,4,Local - Social Contact,Khyber Pakhtunkhwa,Nowshera,33.996,72.013,-4
2020-04-16,7,0,0,Local - Social Contact,Khyber Pakhtunkhwa,Buner,34.490828,72.518118,7
2020-04-16,2,0,0,Local - Social Contact,Khyber Pakhtunkhwa,Dir Lower,34.868024,71.84701,2
2020-04-16,3,0,0,Local - Social Contact,Khyber Pakhtunkhwa,Dir Upper,35.305038,72.096277,3
2020-04-16,1,0,0,Local - Social Contact,Khyber Pakhtunkhwa,Haripur,33.999,72.934,1
2020-04-16,2,0,3,Local - Social Contact,Khyber Pakhtunkhwa,Kohat,33.586,71.442,-1
2020-04-16,2,0,0,Local - Social Contact,FATA,Kurrum,33.706747,70.389776,2
2020-04-16,4,0,0,Local - Social Contact,Khyber Pakhtunkhwa,Malakand,34.56534,71.983561,4
2020-04-16,5,0,0,Local - Social Contact,Khyber Pakhtunkhwa,Mansehra,34.333,73.2,5
2020-04-16,1,0,0,Local - Social Contact,Khyber Pakhtunkhwa,Mardan,34.198,72.045,1
2020-04-16,1,0,0,Local - Social Contact,Khyber Pakhtunkhwa,Shangla,34.852059,72.738327,1
2020-04-16,7,0,0,Local - Social Contact,Khyber Pakhtunkhwa,Swat,35.429612,72.566529,7
2020-04-16,0,0,1,Local - Social Contact,FATA,Bajaur,34.782749,71.532708,-1
2020-04-16,0,0,2,Local - Social Contact,Khyber Pakhtunkhwa,Bannu,32.989,70.606,-2
2020-04-16,0,0,3,Local - Social Contact,Khyber Pakhtunkhwa,Lakki Marwat,32.607,70.911,-3
2020-04-16,8,0,6,Unknown,Gilgit-Baltistan,Gilgit,35.918473,74.3335,2
2020-04-16,0,7,112,Unknown,Punjab,Lahore,31.4978,74.3601,-119
2020-04-16,24,0,0,Local - Social Contact,Punjab,Lahore,31.4978,74.3601,24
2020-04-16,8,0,0,Local - Social Contact,Punjab,Faisalabad,31.4155,73.0908,8
2020-04-16,1,0,0,Local - Social Contact,Punjab,Dera Ghazi Khan,30.056,70.634,1
2020-04-16,21,0,0,Local - Social Contact,Punjab,Rahim Yar Khan,28.424043,70.300054,21
2020-04-16,86,0,0,Unknown,Punjab,Sargodha,32.0778,72.6722,86
2020-04-16,3,0,0,Local - Social Contact,Punjab,Sialkot,32.4836,74.556,3
2020-04-16,3,0,0,Local - Social Contact,Punjab,Bahawal Nagar,30.55,73.39,3
2020-04-16,48,0,0,Unknown,Punjab,Bahawalpur,29.3962,71.6869,48
2020-04-16,4,0,0,Local - Social Contact,Punjab,Sheikhupura,31.713,73.978,4
2020-04-16,1,0,0,Local - Social Contact,Punjab,Bhakhar,31.625,71.065,1
2020-04-16,10,0,0,Tableeghi Jamaat,Punjab,Multan,30.1735,71.469,10
2020-04-16,21,0,0,Local - Social Contact,Punjab,Khushab,32.296,72.352,21
2020-04-16,70,4,16,Local - Social Contact,Sindh,Karachi,24.8709,67.1145,50
2020-04-16,1,0,0,Local - Social Contact,Sindh,Hyderabad,25.3763,68.3432,1
2020-04-16,10,0,0,Local - Social Contact,Sindh,Dadu,26.733,67.783,10
2020-04-16,3,0,0,Local - Social Contact,Sindh,Shikarpur,27.957,68.637,3
2020-04-16,73,0,0,Unknown,Sindh,Khairpur,0.0,0.0,73
2020-04-16,52,0,0,Unknown,Sindh,Sukkur,27.7221,68.8333,52
2020-04-16,96,0,0,Unknown,Sindh,Ghotki,28.006,69.316,96
2020-04-16,4,0,0,Local - Social Contact,Sindh,Tando Alahyar,25.462,68.719,4
2020-04-16,1,0,0,Local - Social Contact,Sindh,Tando M. Khan,25.133,68.533,1
2020-04-16,12,0,0,Local - Social Contact,Sindh,Sanghar,26.033,68.95,12
2020-04-16,5,0,0,Local - Social Contact,Sindh,Sujawal,0.0,0.0,5
2020-04-16,3,0,0,Local - Social Contact,Sindh,Naushero Feroz,26.842,68.122,3
2020-04-16,2,0,0,Local - Social Contact,Sindh,Badin,24.65,68.833,2
2020-04-16,2,0,0,Local - Social Contact,Sindh,Jamshoro,0.0,0.0,2
2020-04-16,53,0,0,Unknown,Sindh,Shaheed Benazirabad,0.0,0.0,53
2020-04-17,9,0,0,Local - Social Contact,Islamabad,Islamabad,33.7194,73.0741,9
2020-04-17,123,2,3,Unknown,Sindh,Karachi,24.8709,67.1145,118
2020-04-17,0,0,2,Local - Social Contact,Sindh,Larkana,27.55,68.216,-2
2020-04-17,1,0,0,Local - Social Contact,Sindh,Badin,24.65,68.833,1
2020-04-17,1,0,0,Local - Social Contact,Sindh,Naushero Feroz,26.842,68.122,1
2020-04-17,2,0,0,Local - Social Contact,Sindh,Sujawal,0.0,0.0,2
2020-04-17,1,0,0,Local - Social Contact,Sindh,Sanghar,26.033,68.95,1
2020-04-17,6,0,0,Local - Social Contact,Sindh,Tando M. Khan,25.133,68.533,6
2020-04-17,28,0,0,Unknown,Sindh,Ghotki,28.006,69.316,28
2020-04-17,73,0,0,Unknown,Sindh,Khairpur,0.0,0.0,73
2020-04-17,1,0,0,Local - Social Contact,Sindh,Umerkot,25.366,69.733,1
2020-04-17,2,0,0,Local - Social Contact,AJK,Muzaffarabad,34.37,73.471,2
2020-04-17,5,0,9,Local - Social Contact,Gilgit-Baltistan,Gilgit,35.918473,74.3335,-4
2020-04-17,6,0,0,Unknown,Balochistan,Quetta,30.1802,66.9964,6
2020-04-17,41,0,0,Local - Social Contact,Balochistan,Quetta,30.1802,66.9964,41
2020-04-17,24,2,0,Local - Social Contact,Punjab,Lahore,31.4978,74.3601,22
2020-04-17,20,0,0,Local - Social Contact,Punjab,Rawalpindi,33.5546,73.1064,20
2020-04-17,10,0,0,Local - Social Contact,Punjab,Gujranwala,32.1547,74.1804,10
2020-04-17,9,0,0,Local - Social Contact,Punjab,Multan,30.1735,71.469,9
2020-04-17,4,0,0,Local - Social Contact,Punjab,Gujrat,32.572,74.089,4
2020-04-17,8,0,0,Local - Social Contact,Punjab,Faisalabad,31.4155,73.0908,8
2020-04-17,20,0,0,Local - Social Contact,Punjab,Rahim Yar Khan,28.424043,70.300054,20
2020-04-17,3,0,0,Local - Social Contact,Punjab,Sialkot,32.4836,74.556,3
2020-04-17,4,0,0,Local - Social Contact,Punjab,Bahawal Nagar,30.55,73.39,4
2020-04-17,95,0,0,Tableeghi Jamaat,Punjab,Multan,30.1735,71.469,95
2020-04-17,9,0,0,Local - Social Contact,Punjab,Muzaffargar,30.075,71.192,9
2020-04-17,2,0,0,Local - Social Contact,Punjab,Nankana,31.447,73.697,2
2020-04-17,1,0,0,Local - Social Contact,Punjab,Kasur,31.115,74.446,1
2020-04-17,4,0,0,Local - Social Contact,Punjab,Laiya,30.961,70.939,4
2020-04-18,9,1,2,Local - Social Contact,Islamabad,Islamabad,33.7194,73.0741,6
2020-04-18,138,1,11,Unknown,Sindh,Karachi,24.8709,67.1145,126
2020-04-18,0,0,273,Iran/Taftan,Sindh,Sukkur,27.7221,68.8333,-273
2020-04-18,84,5,0,Unknown,Khyber Pakhtunkhwa,Peshawar,34.0114,71.5645,79
2020-04-18,7,0,1,Local - Social Contact,Gilgit-Baltistan,Gilgit,35.918473,74.3335,6
2020-04-18,8,0,0,Local - Social Contact,Balochistan,Quetta,30.1802,66.9964,8
2020-04-18,2,0,25,India,Punjab,Lahore,31.4978,74.3601,-23
2020-04-18,5,4,0,Local - Social Contact,Punjab,Lahore,31.4978,74.3601,1
2020-04-18,2,0,0,Local - Social Contact,Punjab,Dera Ghazi Khan,30.056,70.634,2
2020-04-18,7,0,0,Local - Social Contact,Punjab,Gujrat,32.572,74.089,7
2020-04-18,1,0,0,Local - Social Contact,Punjab,Rawalpindi,33.5546,73.1064,1
2020-04-18,1,0,0,Local - Social Contact,Punjab,Chakwal,32.933,72.866,1
2020-04-18,1,0,0,Local - Social Contact,Punjab,Attock,33.772,72.368,1
2020-04-19,8,0,0,Local - Social Contact,Islamabad,Islamabad,33.7194,73.0741,8
2020-04-19,0,0,29,Tableeghi Jamaat,Punjab,Lahore,31.4978,74.3601,-29
2020-04-19,182,8,0,Unknown,Sindh,Karachi,24.8709,67.1145,174
2020-04-19,1,0,0,Local - Social Contact,AJK,Muzaffarabad,34.37,73.471,1
2020-04-19,6,0,1,Local - Social Contact,Gilgit-Baltistan,Gilgit,35.918473,74.3335,5
2020-04-19,60,10,0,Local - Social Contact,Khyber Pakhtunkhwa,Peshawar,34.0114,71.5645,50
2020-04-19,56,0,0,Local - Social Contact,Balochistan,Quetta,30.1802,66.9964,56
2020-04-19,3,0,0,Jail,Punjab,Lahore,31.4978,74.3601,3
2020-04-19,36,0,0,Local - Social Contact,Punjab,Lahore,31.4978,74.3601,36
2020-04-19,3,0,0,Local - Social Contact,Punjab,Multan,30.1735,71.469,3
2020-04-19,0,0,4,Local - Social Contact,Punjab,Gujrat,32.572,74.089,-4
2020-04-19,15,0,0,Local - Social Contact,Punjab,Gujranwala,32.1547,74.1804,15
2020-04-19,32,0,0,Local - Social Contact,Punjab,Rawalpindi,33.5546,73.1064,32
2020-04-19,1,0,0,Local - Social Contact,Punjab,Narowal,32.1,74.883,1
2020-04-19,2,0,0,Local - Social Contact,Punjab,Rahim Yar Khan,28.424043,70.300054,2
2020-04-19,29,0,0,Local - Social Contact,Punjab,Sargodha,32.0778,72.6722,29
2020-04-19,13,0,0,Local - Social Contact,Punjab,Attock,33.772,72.368,13
2020-04-19,1,0,0,Local - Social Contact,Punjab,Sahewal,0.0,0.0,1
2020-04-19,23,0,0,Local - Social Contact,Punjab,Sialkot,32.4836,74.556,23
2020-04-19,0,0,1,Local - Social Contact,Punjab,Hafizabad,32.067,73.685,-1
2020-04-19,7,0,0,Local - Social Contact,Punjab,Nankana,31.447,73.697,7
2020-04-19,0,0,4,Local - Social Contact,Punjab,Bahawalpur,29.3962,71.6869,-4
2020-04-19,76,0,0,Local - Social Contact,Punjab,Lodhran,29.54,71.633,76
2020-04-19,5,0,0,Local - Social Contact,Punjab,Khanewal,0.0,0.0,5
2020-04-19,5,0,0,Local - Social Contact,Punjab,Toba Tek Singh,30.974,72.482,5
2020-04-19,3,0,0,Local - Social Contact,Punjab,Sheikhupura,31.713,73.978,3
2020-04-19,1,0,0,Local - Social Contact,Punjab,Bhakhar,31.625,71.065,1
